                  epoch,         train/box_loss,         train/cls_loss,         train/dfl_loss,   metrics/precision(B),      metrics/recall(B),       metrics/mAP50(B),    metrics/mAP50-95(B),           val/box_loss,           val/cls_loss,           val/dfl_loss,                 lr/pg0,                 lr/pg1,                 lr/pg2
                      1,                0.31819,                 1.9658,                0.90199,                0.91404,                0.98558,                0.98281,                0.95319,                  0.221,                0.33612,                0.85002,             9.4748e-05,             9.4748e-05,             9.4748e-05
                      2,                0.31168,                0.73842,                0.89153,                  0.968,                0.98733,                0.99355,                0.95703,                0.23874,                0.30623,                0.85984,              0.0001632,              0.0001632,              0.0001632
                      3,                0.31772,                0.63652,                0.90428,                0.95119,                0.98634,                0.99326,                0.95558,                0.24032,                0.29493,                0.85748,             0.00019123,             0.00019123,             0.00019123
                      4,                0.31852,                0.60796,                0.89508,                0.96858,                0.98393,                0.98787,                0.95458,                 0.2374,                0.24421,                0.86107,             0.00014443,             0.00014443,             0.00014443
                      5,                0.29591,                0.50925,                0.88733,                0.98009,                 0.9937,                0.99431,                 0.9641,                0.21586,                 0.2039,                0.85615,              9.724e-05,              9.724e-05,              9.724e-05
